INSERT INTO [OMS].[dbo].MenuItems(Id, Name, Price)
VALUES 
('87CCD1FD-4EA2-4494-A518-1C029044835C', 'Salad', 5.5 ),
('21F03C65-AD59-4FA8-A70A-5FDFB3534F33', 'Pizza', 6.5 ),
('6C345A6F-29B2-4A1C-A663-85F2D4798F1C', 'Pasta', 7.5 ),
('38BF372E-9D5E-4702-8B15-961956312A29', 'Burger', 8.5 ),
('6B233B79-0CD8-4C93-B2EC-DF3DC55B7F61', 'Soft Drink', 2.5 ),
('F3732291-0318-4FC4-AC8D-E18ABA569D24', 'Beer', 3.5 );

INSERT INTO [OMS].[dbo].Customer(Id, FirstName, LastName, AddressLine, Postcode, PhoneNumber, SpecialInstructions)
VALUES 						
('30686534-D189-4E84-BEEE-CBDEE400BFD0', 'John', 'Doe', 'Address 15', '12345', '6941234567', 'Doorbell broken. Please call.'),
('568F814A-1D04-41DB-B3EA-A72F2F9A432C', 'John', 'Doe', '', '', '6941234567', '');

INSERT INTO [OMS].[dbo].Orders(Id, Status, TotalPrice, CustomerId, CreatedDate, UpdatedDate, IsDelivery)
VALUES
('4727D595-2E07-411B-B82C-C79341A78D18', 3, 30.5, '30686534-D189-4E84-BEEE-CBDEE400BFD0', '2024-12-19 18:48:49.4610631', '2024-12-19 18:48:49.4610631', 1),
('4CB9D192-EC62-462D-95E4-A1150D91C16D', 0, 42, '568F814A-1D04-41DB-B3EA-A72F2F9A432C', '2024-12-19 19:03:11.0102995', '2024-12-19 19:03:11.0102995', 0);

INSERT INTO [OMS].[dbo].OrderItem(Id, OrderId, ItemId, Quantity)
VALUES 
('123BC3AA-E325-448E-9F4E-228E8A07FF2C', '4CB9D192-EC62-462D-95E4-A1150D91C16D', '38BF372E-9D5E-4702-8B15-961956312A29', 2),
('15EF3CD8-EE0A-431A-ACEC-BEAD49969695', '4727D595-2E07-411B-B82C-C79341A78D18', '21F03C65-AD59-4FA8-A70A-5FDFB3534F33', 3),
('68348F36-62C5-4608-B70F-CA54870A81A4', '4CB9D192-EC62-462D-95E4-A1150D91C16D', '6C345A6F-29B2-4A1C-A663-85F2D4798F1C', 3),
('D3658CE0-A6D9-4B10-8AC7-DF558C3FD61F', '4727D595-2E07-411B-B82C-C79341A78D18', '87CCD1FD-4EA2-4494-A518-1C029044835C', 2),
('6BB2C577-EA9A-425D-AB44-E0FF1921F961', '4CB9D192-EC62-462D-95E4-A1150D91C16D', '6B233B79-0CD8-4C93-B2EC-DF3DC55B7F61', 1);
